model_0_0.ply,18:02:53:284
model_0_1.ply,18:02:53:276
model_0_2.ply,18:02:53:269
model_1_0.ply,18:02:53:316
model_1_1.ply,18:02:53:309
model_1_2.ply,18:02:53:302
model_2_0.ply,18:02:53:350
model_2_1.ply,18:02:53:342
model_2_2.ply,18:02:53:335
model_3_0.ply,18:02:53:383
model_3_1.ply,18:02:53:375
model_3_2.ply,18:02:53:369
model_4_0.ply,18:02:53:416
model_4_1.ply,18:02:53:408
model_4_2.ply,18:02:53:402
model_5_0.ply,18:02:53:450
model_5_1.ply,18:02:53:442
model_5_2.ply,18:02:53:435
model_6_0.ply,18:02:53:483
model_6_1.ply,18:02:53:475
model_6_2.ply,18:02:53:469
model_7_0.ply,18:02:53:516
model_7_1.ply,18:02:53:508
model_7_2.ply,18:02:53:502
model_8_0.ply,18:02:53:550
model_8_1.ply,18:02:53:542
model_8_2.ply,18:02:53:535
model_9_0.ply,18:02:53:583
model_9_1.ply,18:02:53:576
model_9_2.ply,18:02:53:569
model_10_0.ply,18:02:53:616
model_10_1.ply,18:02:53:608
model_10_2.ply,18:02:53:602
model_11_0.ply,18:02:53:650
model_11_1.ply,18:02:53:642
model_11_2.ply,18:02:53:635
model_12_0.ply,18:02:53:683
model_12_1.ply,18:02:53:676
model_12_2.ply,18:02:53:669
model_13_0.ply,18:02:53:716
model_13_1.ply,18:02:53:708
model_13_2.ply,18:02:53:702
model_14_0.ply,18:02:53:750
model_14_1.ply,18:02:53:742
model_14_2.ply,18:02:53:735
model_15_0.ply,18:02:53:783
model_15_1.ply,18:02:53:775
model_15_2.ply,18:02:53:769
model_16_0.ply,18:02:53:816
model_16_1.ply,18:02:53:808
model_16_2.ply,18:02:53:802
model_17_0.ply,18:02:53:851
model_17_1.ply,18:02:53:842
model_17_2.ply,18:02:53:835
model_18_0.ply,18:02:53:883
model_18_1.ply,18:02:53:875
model_18_2.ply,18:02:53:869
model_19_0.ply,18:02:53:916
model_19_1.ply,18:02:53:908
model_19_2.ply,18:02:53:902
model_20_0.ply,18:02:53:951
model_20_1.ply,18:02:53:942
model_20_2.ply,18:02:53:935
model_21_0.ply,18:02:53:983
model_21_1.ply,18:02:53:976
model_21_2.ply,18:02:53:969
model_22_0.ply,18:02:54:016
model_22_1.ply,18:02:54:009
model_22_2.ply,18:02:54:001
model_23_0.ply,18:02:54:050
model_23_1.ply,18:02:54:042
model_23_2.ply,18:02:54:035
model_24_0.ply,18:02:54:083
model_24_1.ply,18:02:54:076
model_24_2.ply,18:02:54:070
model_25_0.ply,18:02:54:117
model_25_1.ply,18:02:54:109
model_25_2.ply,18:02:54:101
model_26_0.ply,18:02:54:150
model_26_1.ply,18:02:54:143
model_26_2.ply,18:02:54:135
model_27_0.ply,18:02:54:183
model_27_1.ply,18:02:54:175
model_27_2.ply,18:02:54:169
model_28_0.ply,18:02:54:216
model_28_1.ply,18:02:54:208
model_28_2.ply,18:02:54:202
model_29_0.ply,18:02:54:250
model_29_1.ply,18:02:54:242
model_29_2.ply,18:02:54:235
model_30_0.ply,18:02:54:283
model_30_1.ply,18:02:54:275
model_30_2.ply,18:02:54:269
model_31_0.ply,18:02:54:316
model_31_1.ply,18:02:54:309
model_31_2.ply,18:02:54:301
model_32_0.ply,18:02:54:350
model_32_1.ply,18:02:54:342
model_32_2.ply,18:02:54:335
model_33_0.ply,18:02:54:383
model_33_1.ply,18:02:54:375
model_33_2.ply,18:02:54:369
model_34_0.ply,18:02:54:416
model_34_1.ply,18:02:54:409
model_34_2.ply,18:02:54:401
model_35_0.ply,18:02:54:450
model_35_1.ply,18:02:54:443
model_35_2.ply,18:02:54:435
model_36_0.ply,18:02:54:484
model_36_1.ply,18:02:54:475
model_36_2.ply,18:02:54:469
model_37_0.ply,18:02:54:517
model_37_1.ply,18:02:54:508
model_37_2.ply,18:02:54:503
model_38_0.ply,18:02:54:550
model_38_1.ply,18:02:54:543
model_38_2.ply,18:02:54:537
model_39_0.ply,18:02:54:584
model_39_1.ply,18:02:54:576
model_39_2.ply,18:02:54:569
model_40_0.ply,18:02:54:617
model_40_1.ply,18:02:54:609
model_40_2.ply,18:02:54:603
model_41_0.ply,18:02:54:651
model_41_1.ply,18:02:54:643
model_41_2.ply,18:02:54:636
model_42_0.ply,18:02:54:683
model_42_1.ply,18:02:54:675
model_42_2.ply,18:02:54:669
model_43_0.ply,18:02:54:717
model_43_1.ply,18:02:54:709
model_43_2.ply,18:02:54:703
model_44_0.ply,18:02:54:751
model_44_1.ply,18:02:54:743
model_44_2.ply,18:02:54:736
model_45_0.ply,18:02:54:784
model_45_1.ply,18:02:54:776
model_45_2.ply,18:02:54:770
model_46_0.ply,18:02:54:816
model_46_1.ply,18:02:54:809
model_46_2.ply,18:02:54:802
model_47_0.ply,18:02:54:851
model_47_1.ply,18:02:54:843
model_47_2.ply,18:02:54:836
model_48_0.ply,18:02:54:884
model_48_1.ply,18:02:54:876
model_48_2.ply,18:02:54:869
model_49_0.ply,18:02:54:917
model_49_1.ply,18:02:54:909
model_49_2.ply,18:02:54:903
model_50_0.ply,18:02:54:950
model_50_1.ply,18:02:54:943
model_50_2.ply,18:02:54:936
model_51_0.ply,18:02:54:984
model_51_1.ply,18:02:54:976
model_51_2.ply,18:02:54:969
model_52_0.ply,18:02:55:016
model_52_1.ply,18:02:55:009
model_52_2.ply,18:02:55:002
model_53_0.ply,18:02:55:050
model_53_1.ply,18:02:55:043
model_53_2.ply,18:02:55:036
model_54_0.ply,18:02:55:083
model_54_1.ply,18:02:55:076
model_54_2.ply,18:02:55:069
model_55_0.ply,18:02:55:116
model_55_1.ply,18:02:55:109
model_55_2.ply,18:02:55:102
model_56_0.ply,18:02:55:150
model_56_1.ply,18:02:55:143
model_56_2.ply,18:02:55:136
model_57_0.ply,18:02:55:184
model_57_1.ply,18:02:55:176
model_57_2.ply,18:02:55:178
model_58_0.ply,18:02:55:216
model_58_1.ply,18:02:55:209
model_58_2.ply,18:02:55:202
model_59_0.ply,18:02:55:250
model_59_1.ply,18:02:55:243
model_59_2.ply,18:02:55:235
model_60_0.ply,18:02:55:283
model_60_1.ply,18:02:55:276
model_60_2.ply,18:02:55:268
model_61_0.ply,18:02:55:316
model_61_1.ply,18:02:55:309
model_61_2.ply,18:02:55:301
model_62_0.ply,18:02:55:351
model_62_1.ply,18:02:55:344
model_62_2.ply,18:02:55:335
model_63_0.ply,18:02:55:384
model_63_1.ply,18:02:55:376
model_63_2.ply,18:02:55:368
model_64_0.ply,18:02:55:416
model_64_1.ply,18:02:55:409
model_64_2.ply,18:02:55:400
model_65_0.ply,18:02:55:451
model_65_1.ply,18:02:55:443
model_65_2.ply,18:02:55:435
model_66_0.ply,18:02:55:484
model_66_1.ply,18:02:55:478
model_66_2.ply,18:02:55:468
model_67_0.ply,18:02:55:516
model_67_1.ply,18:02:55:510
model_67_2.ply,18:02:55:502
model_68_0.ply,18:02:55:550
model_68_1.ply,18:02:55:544
model_68_2.ply,18:02:55:534
model_69_0.ply,18:02:55:584
model_69_1.ply,18:02:55:577
model_69_2.ply,18:02:55:567
model_70_0.ply,18:02:55:616
model_70_1.ply,18:02:55:610
model_70_2.ply,18:02:55:601
model_71_0.ply,18:02:55:650
model_71_1.ply,18:02:55:644
model_71_2.ply,18:02:55:634
model_72_0.ply,18:02:55:683
model_72_1.ply,18:02:55:677
model_72_2.ply,18:02:55:668
model_73_0.ply,18:02:55:716
model_73_1.ply,18:02:55:710
model_73_2.ply,18:02:55:700
model_74_0.ply,18:02:55:750
model_74_1.ply,18:02:55:744
model_74_2.ply,18:02:55:734
model_75_0.ply,18:02:55:784
model_75_1.ply,18:02:55:777
model_75_2.ply,18:02:55:768
model_76_0.ply,18:02:55:816
model_76_1.ply,18:02:55:810
model_76_2.ply,18:02:55:801
model_77_0.ply,18:02:55:850
model_77_1.ply,18:02:55:844
model_77_2.ply,18:02:55:834
model_78_0.ply,18:02:55:883
model_78_1.ply,18:02:55:876
model_78_2.ply,18:02:55:868
model_79_0.ply,18:02:55:917
model_79_1.ply,18:02:55:910
model_79_2.ply,18:02:55:902
model_80_0.ply,18:02:55:950
model_80_1.ply,18:02:55:943
model_80_2.ply,18:02:55:936
model_81_0.ply,18:02:55:983
model_81_1.ply,18:02:55:977
model_81_2.ply,18:02:55:968
model_82_0.ply,18:02:56:016
model_82_1.ply,18:02:56:008
model_82_2.ply,18:02:56:002
model_83_0.ply,18:02:56:050
model_83_1.ply,18:02:56:042
model_83_2.ply,18:02:56:035
model_84_0.ply,18:02:56:084
model_84_1.ply,18:02:56:075
model_84_2.ply,18:02:56:070
model_85_0.ply,18:02:56:117
model_85_1.ply,18:02:56:108
model_85_2.ply,18:02:56:102
model_86_0.ply,18:02:56:150
model_86_1.ply,18:02:56:142
model_86_2.ply,18:02:56:135
model_87_0.ply,18:02:56:183
model_87_1.ply,18:02:56:175
model_87_2.ply,18:02:56:169
model_88_0.ply,18:02:56:216
model_88_1.ply,18:02:56:209
model_88_2.ply,18:02:56:202
model_89_0.ply,18:02:56:250
model_89_1.ply,18:02:56:243
model_89_2.ply,18:02:56:235
model_90_0.ply,18:02:56:283
model_90_1.ply,18:02:56:276
model_90_2.ply,18:02:56:270
model_91_0.ply,18:02:56:316
model_91_1.ply,18:02:56:310
model_91_2.ply,18:02:56:302
model_92_0.ply,18:02:56:350
model_92_1.ply,18:02:56:343
model_92_2.ply,18:02:56:335
model_93_0.ply,18:02:56:383
model_93_1.ply,18:02:56:376
model_93_2.ply,18:02:56:369
model_94_0.ply,18:02:56:416
model_94_1.ply,18:02:56:408
model_94_2.ply,18:02:56:402
model_95_0.ply,18:02:56:450
model_95_1.ply,18:02:56:443
model_95_2.ply,18:02:56:436
model_96_0.ply,18:02:56:484
model_96_1.ply,18:02:56:475
model_96_2.ply,18:02:56:469
model_97_0.ply,18:02:56:516
model_97_1.ply,18:02:56:508
model_97_2.ply,18:02:56:502
model_98_0.ply,18:02:56:550
model_98_1.ply,18:02:56:542
model_98_2.ply,18:02:56:535
model_99_0.ply,18:02:56:583
model_99_1.ply,18:02:56:575
model_99_2.ply,18:02:56:569

